keyword,busquedas_hoja,competencia,intencion,grupo_hoja,pagina_sugerida,uso,sector,descartar_por,volumenes_en_conflicto
desarrollo de apps móviles,2400,alta,MIX,DEV,/desarrollo-de-apps/,landing,,,1300/2400
seo para aplicaciones móviles,2200,media,TRA,SEO,/desarrollo-de-apps/,blog,,,720/2200
desarrollo de aplicaciones web,1300,media,MIX,DEV,/desarrollo-de-apps/,landing,,,
crear aplicación web,1000,media,TRA,DEV,/desarrollo-de-apps/,landing,,,
páginas web optimizadas para móviles,880,alta,MIX,WEB,/desarrollo-de-apps/,landing,,,
empresa de desarrollo de apps,880,alta,TRA,DEV,/desarrollo-de-apps/,landing,,,
programación de aplicaciones móviles,880,alta,MIX,DEV,/desarrollo-de-apps/,landing,,,500/880
programador de aplicaciones web,880,alta,TRA,DEV,/desarrollo-de-apps/,—,,empleo/freelancer,
desarrollo de aplicaciones híbridas,880,alta,INF,DEV,/desarrollo-de-apps/,blog,,,
agencia de marketing para aplicaciones móviles,720,alta,INF,AGENCIA,/desarrollo-de-apps/,blog,,,
desarrollo de apps con flutter,720,alta,MIX,DEV,/desarrollo-de-apps/,landing,,,500/720
desarrollo de aplicaciones para realidad aumentada,720,alta,TRA,DISEÑO,/desarrollo-de-apps/,landing,,,
desarrollo de aplicaciones móviles personalizadas,720,alta,INF,DISEÑO,/desarrollo-de-apps/,blog,,,
crear app móvil personalizada,720,media,TRA,DEV,/desarrollo-de-apps/,landing,,,
desarrollo de app de servicios,720,alta,TRA,DEV,/desarrollo-de-apps/,landing,,,
desarrollador de apps android,720,alta,TRA,DEV,/desarrollo-de-apps/,—,,empleo/freelancer,
desarrollo de aplicaciones empresariales,720,alta,TRA,DEV,/desarrollo-de-apps/,landing,,,
desarrollo de apps para empresas,590,media,TRA,DEV,/desarrollo-de-apps/,landing,,,
diseño de aplicaciones móviles,500,media,TRA,DEV,/desarrollo-de-apps/,landing,,,
diseño de apps para empresas,480,alta,TRA,DISEÑO,/desarrollo-de-apps/,landing,,,
desarrollo de aplicaciones para inteligencia artificial,320,baja,TRA,DISEÑO,/desarrollo-de-apps/,landing,,,
desarrollo de aplicaciones blockchain,320,baja,TRA,DISEÑO,/desarrollo-de-apps/,—,,fuera de oferta,
seo para aplicaciones web,260,media,INF,SEO,/desarrollo-de-apps/,blog,,,
seo para aplicaciones saas,260,media,INF,SEO,/desarrollo-de-apps/,blog,startups y tecnología,,
crear página web,12100,media,TRA,WEB,/,landing,,,
diseño ux/ui web,9400,media,INF,WEB,/,blog,,,
creación de páginas web,6600,media,MIX,WEB,/,landing,,,
diseño de páginas web,5400,media,TRA,WEB,/,landing,,,
tienda online,5400,alta,TRA,WEB,/,landing,ecommerce,,
tienda virtual,4400,media,TRA,WEB,/,landing,ecommerce,,
diseñador web,3600,media,TRA,WEB,/,landing,,,
crear sitio web gratis,3600,alta,TRA,WEB,/,—,,hazlo tú mismo,
programación web,3600,media,MIX,DEV,/,landing,,,
diseño página web,3200,media,TRA,WEB,/,landing,,,
creacion pagina web,2900,baja,MIX,WEB,/,landing,,,
catálogo de productos,2900,media,TRA,WEB,/,landing,,,
hacer página web,2400,media,TRA,WEB,/,landing,,,
diseño web profesional,2400,alta,TRA,WEB,/,landing,,,
crear una landing page,2400,alta,TRA,WEB,/,landing,,,
sitio web profesional,2400,alta,TRA,WEB,/,landing,,,
desarrollo de páginas web,1900,media,TRA,WEB,/,landing,,,
agencia de diseño web,1600,media,TRA,AGENCIA,/,landing,,,
crear mi página web,1600,baja,TRA,WEB,/,landing,,,
catálogo online,1600,media,TRA,WEB,/,landing,,,
diseñar una página web,1600,alta,TRA,WEB,/,landing,,,
páginas web económicas,1600,alta,INF,WEB,/,blog,,,
diseño web wordpress,1600,alta,TRA,WEB,/,landing,,,
desarrollo de sitios web,1600,alta,MIX,DEV,/,landing,,,
abrir tienda online,1300,media,TRA,WEB,/,landing,ecommerce,,
crear página web profesional,1300,alta,TRA,WEB,/,landing,,,
página web para negocio,1300,media,MIX,WEB,/,blog,pymes,,
desarrollador web freelance,1300,media,TRA,DEV,/,—,,empleo/freelancer,
desarrollo web profesional,1300,alta,MIX,DEV,/,landing,,,
crear tienda virtual,1000,media,TRA,WEB,/,landing,ecommerce,,
diseño de páginas web económicas,1000,media,INF,WEB,/,blog,,,
diseño web medellín,1000,baja,MIX,WEB,/,—,,otra ciudad,
servicio de diseño web,1000,alta,TRA,WEB,/,landing,,,
diseño de landing page,1000,alta,TRA,WEB,/,landing,,,
crear página web sin saber programar,1000,alta,MIX,WEB,/,—,,hazlo tú mismo,
desarrollo de sitios web profesionales,1000,alta,MIX,WEB,/,landing,profesionales independientes,,
diseño web para tiendas virtuales,1000,alta,MIX,WEB,/,blog,ecommerce,,
servicios de programación web,1000,media,TRA,DEV,/,landing,,,
programador web freelance,1000,alta,TRA,DEV,/,—,,empleo/freelancer,
desarrollo de ecommerce personalizado,1000,alta,TRA,DEV,/,landing,ecommerce,,
desarrollo de landing pages,1000,alta,MIX,DEV,/,landing,,,
desarrollo de páginas web seguras,1000,alta,MIX,DEV,/,landing,,,480/1000
desarrollo web con react,1000,alta,INF,DEV,/,blog,,,
programador web wordpress,1000,alta,TRA,DEV,/,—,,empleo/freelancer,
desarrollador web remoto,1000,alta,TRA,DEV,/,—,,empleo/freelancer,
hacer tienda online,880,alta,TRA,WEB,/,landing,ecommerce,,
página para hacer web,880,media,TRA,WEB,/,—,,hazlo tú mismo,
diseño web responsive,880,media,TRA,WEB,/,landing,,,
hacer página web profesional,880,media,TRA,WEB,/,landing,,,
creación de sitios web profesionales,880,media,TRA,WEB,/,landing,profesionales independientes,,
diseño de sitio web para empresa,880,media,TRA,WEB,/,landing,,,
diseño web personalizado,880,alta,MIX,WEB,/,landing,,,
diseño de páginas web en wordpress,880,alta,MIX,WEB,/,landing,,,
desarrollo de herramientas web,880,media,MIX,DEV,/,landing,,,480/720/880
desarrollo web en laravel,880,alta,INF,DEV,/,blog,,,720/880
agencia de desarrollo web,720,media,TRA,AGENCIA,/,landing,,,
creador de tienda online,720,media,TRA,WEB,/,—,ecommerce,hazlo tú mismo,
programa para hacer una página web,720,media,TRA,WEB,/,—,,hazlo tú mismo,
mantenimiento de páginas web,720,media,TRA,WEB,/,landing,,,
crear página web para empresa,720,media,MIX,WEB,/,blog,,,
crear página web empresarial,720,media,MIX,WEB,/,landing,,,
crear página web con dominio propio,720,media,TRA,WEB,/,landing,,,
servicio de desarrollo web,720,media,TRA,WEB,/,landing,,,
desarrollo de tiendas online,720,media,MIX,WEB,/,landing,ecommerce,,
diseño web para emprendedores,720,media,TRA,WEB,/,blog,pymes,,
agencia de diseño web profesional,720,alta,MIX,WEB,/,landing,,,
diseño de portafolio online,720,media,TRA,WEB,/,landing,,,
diseño de blogs profesionales,720,media,MIX,WEB,/,landing,profesionales independientes,,
diseño de sitios web económicos,720,alta,MIX,WEB,/,landing,,,
diseño de páginas web educativas,720,media,INF,WEB,/,blog,educación,,
páginas web para negocios pequeños,720,media,TRA,WEB,/,blog,pymes,,
crear sitio web para portafolio,720,baja,MIX,WEB,/,landing,,,
crear página web para servicios profesionales,720,media,TRA,WEB,/,blog,profesionales independientes,,
diseño de páginas web a medida,720,alta,INF,WEB,/,blog,,,
crear página web para cursos online,720,alta,TRA,WEB,/,blog,educación,,
crear página web para eventos,720,media,MIX,WEB,/,blog,,,
diseño web adaptado a celulares,720,media,MIX,WEB,/,landing,,,
desarrollo de páginas web interactivas,720,media,MIX,WEB,/,landing,,,
diseño web para inmobiliarias,720,media,TRA,WEB,/,blog,inmobiliarias,,
diseño de interfaces web avanzadas,720,alta,INF,DISEÑO,/,blog,,,
desarrollo web personalizado,720,media,TRA,DEV,/,landing,,,
programación para ecommerce,720,media,MIX,DEV,/,landing,ecommerce,,480/720
programador para tienda online,720,alta,TRA,DEV,/,—,ecommerce,empleo/freelancer,
desarrollo en python para web,720,media,TRA,DEV,/,landing,,,590/720
desarrollo de interfaces web,720,media,MIX,DEV,/,landing,,,
programación web avanzada,720,alta,MIX,DEV,/,landing,,,
desarrollo web con node.js,720,alta,INF,DEV,/,blog,,,
desarrollador de plugins wordpress,720,alta,TRA,DEV,/,—,,empleo/freelancer,
desarrollador web para ecommerce,720,alta,TRA,DEV,/,—,ecommerce,empleo/freelancer,
catálogo página web,590,baja,TRA,WEB,/,landing,,,
desarrollo web a medida,590,media,TRA,WEB,/,landing,,,
diseño web corporativo,590,media,TRA,WEB,/,landing,,,
crear página web para negocio local,590,baja,TRA,WEB,/,blog,pymes,,
desarrollo de páginas web responsivas,590,media,TRA,WEB,/,landing,,,
crear página web para restaurante,590,media,TRA,WEB,/,blog,restaurantes,,
hacer sitio web con dominio propio,590,media,TRA,WEB,/,landing,,,
desarrollar página web desde cero,590,media,TRA,WEB,/,landing,,,
sitio web para profesionales independientes,590,baja,INF,WEB,/,blog,profesionales independientes,,
páginas web para médicos,590,media,MIX,WEB,/,blog,salud,,
creación de landing pages efectivas,590,alta,MIX,WEB,/,landing,,,
sitio web para inmobiliarias,590,media,MIX,WEB,/,landing,inmobiliarias,,
diseño web para psicólogos,590,media,INF,WEB,/,blog,salud,,
páginas web para contadores,590,media,TRA,WEB,/,blog,profesionales independientes,,
páginas web para freelancers,590,media,MIX,WEB,/,blog,profesionales independientes,,
diseño de sitios web creativos,590,media,TRA,WEB,/,landing,,,
creación de sitios web para médicos,590,media,MIX,WEB,/,landing,salud,,
desarrollo web para profesionales independientes,590,media,TRA,WEB,/,landing,profesionales independientes,,
desarrollo de portales web,590,media,MIX,WEB,/,landing,,,
diseño de páginas web para fotógrafos,590,media,TRA,WEB,/,blog,profesionales independientes,,
diseño web profesional a bajo costo,590,media,TRA,WEB,/,landing,,,
diseño de sitios web para ong,590,media,TRA,WEB,/,landing,,,
diseño de páginas web para eventos,590,media,TRA,WEB,/,blog,,,
crear tienda online para dropshipping,590,media,TRA,WEB,/,landing,ecommerce,,
páginas web para arquitectos,590,media,MIX,WEB,/,blog,profesionales independientes,,
diseño de páginas web para ecommerce,590,media,TRA,WEB,/,blog,ecommerce,,
diseño de portafolio visual,590,media,INF,DISEÑO,/,blog,,,
desarrollador web en colombia,590,media,TRA,DEV,/,—,,empleo/freelancer,
catálogo web,480,baja,TRA,WEB,/,landing,,,
diseño de sitios web modernos,480,media,INF,WEB,/,blog,,,
diseño web para pymes,480,media,MIX,WEB,/,blog,pymes,,
diseño web minimalista,480,media,TRA,WEB,/,landing,,,
diseño web autoadministrable,480,media,MIX,WEB,/,landing,,,
servicio de diseño web personalizado,480,media,MIX,WEB,/,landing,,,
crear sitio web para hotel,480,media,TRA,WEB,/,landing,hoteles y turismo,,
diseño web para restaurantes,480,media,TRA,WEB,/,blog,restaurantes,,
páginas web para fotógrafos profesionales,480,media,TRA,WEB,/,blog,profesionales independientes,,
crear página web para reservas,480,media,TRA,WEB,/,blog,hoteles y turismo,,
desarrollo web para marketplaces,480,media,TRA,WEB,/,landing,ecommerce,,
diseño de páginas web para abogados,390,media,MIX,WEB,/,blog,abogados,,
desarrollo de sitios institucionales,390,media,MIX,WEB,/,landing,,,
crear página web para ong,390,baja,TRA,WEB,/,blog,,,
diseño de páginas web para artistas,390,media,TRA,WEB,/,blog,profesionales independientes,,
diseño de páginas web para startups,390,media,TRA,WEB,/,blog,startups y tecnología,,
crear página web para colegios,320,baja,INF,WEB,/,blog,educación,,
diseño de sitios web para clínicas,320,baja,INF,WEB,/,blog,salud,,
crear página web para startups,320,baja,INF,WEB,/,blog,startups y tecnología,,
diseño gráfico,12100,alta,TRA,DISEÑO,/diseno-de-marca/,landing,,,
diseño de logotipos,2400,alta,TRA,DISEÑO,/diseno-de-marca/,landing,,,
diseño de tarjetas de presentación,2400,alta,MIX,DISEÑO,/diseno-de-marca/,landing,,,
diseñador gráfico freelance,1900,media,TRA,DISEÑO,/diseno-de-marca/,—,,empleo/freelancer,720/1900
diseño gráfico digital,1600,media,TRA,DISEÑO,/diseno-de-marca/,landing,,,
agencia de diseño gráfico,1300,media,INF,AGENCIA,/diseno-de-marca/,blog,,,
diseñador gráfico medellín,1300,baja,MIX,DISEÑO,/diseno-de-marca/,—,,otra ciudad,
diseño gráfico para empresas,1300,alta,TRA,DISEÑO,/diseno-de-marca/,landing,,,1000/1300
diseño de banners publicitarios,1300,alta,TRA,DISEÑO,/diseno-de-marca/,landing,,,720/1300
diseño de identidad corporativa,1000,media,MIX,DISEÑO,/diseno-de-marca/,landing,,,
diseño de imagen corporativa,1000,alta,MIX,DISEÑO,/diseno-de-marca/,landing,,,590/1000
diseño editorial,1000,media,INF,DISEÑO,/diseno-de-marca/,blog,,,
diseñador de logotipos,1000,alta,TRA,DISEÑO,/diseno-de-marca/,landing,,,
servicios de diseño gráfico,1000,alta,TRA,DISEÑO,/diseno-de-marca/,landing,,,
diseño de packaging,1000,alta,MIX,DISEÑO,/diseno-de-marca/,landing,,,
diseño gráfico profesional,1000,alta,INF,DISEÑO,/diseno-de-marca/,blog,,,
diseño de identidad gráfica,1000,alta,INF,DISEÑO,/diseno-de-marca/,blog,,,
diseño de empaques para productos,1000,alta,TRA,DISEÑO,/diseno-de-marca/,landing,,,
diseño gráfico moderno,1000,alta,MIX,DISEÑO,/diseno-de-marca/,landing,,,
diseñador gráfico para empresas,1000,alta,TRA,DISEÑO,/diseno-de-marca/,landing,,,
diseño gráfico corporativo,1000,alta,MIX,DISEÑO,/diseno-de-marca/,landing,,,
agencia de diseño gráfico y marketing,880,media,MIX,AGENCIA,/diseno-de-marca/,landing,,,
diseño de marca,880,media,MIX,DISEÑO,/diseno-de-marca/,landing,,,
diseño de folletos publicitarios,880,media,TRA,DISEÑO,/diseno-de-marca/,landing,,,
portafolio de diseño gráfico,880,media,INF,DISEÑO,/diseno-de-marca/,blog,,,
diseño de gráficos animados,880,alta,MIX,DISEÑO,/diseno-de-marca/,landing,,,
diseño gráfico para ecommerce,880,alta,TRA,DISEÑO,/diseno-de-marca/,landing,ecommerce,,
diseño gráfico personalizado,880,alta,TRA,DISEÑO,/diseno-de-marca/,landing,,,
diseño de branding corporativo,880,alta,INF,DISEÑO,/diseno-de-marca/,blog,,,
diseño gráfico para packaging,880,alta,TRA,DISEÑO,/diseno-de-marca/,landing,,,
diseño gráfico innovador,880,alta,TRA,DISEÑO,/diseno-de-marca/,landing,,,
servicios de branding digital,720,alta,TRA,MARKETING,/diseno-de-marca/,landing,,,
diseño publicitario,720,media,TRA,DISEÑO,/diseno-de-marca/,landing,,,
diseño gráfico publicitario,720,media,TRA,DISEÑO,/diseno-de-marca/,landing,,,
diseño de brochures,720,media,MIX,DISEÑO,/diseno-de-marca/,landing,,,
diseño de presentaciones corporativas,720,alta,MIX,DISEÑO,/diseno-de-marca/,landing,,,590/720
diseño de identidad visual,720,media,INF,DISEÑO,/diseno-de-marca/,blog,,,
diseñador gráfico publicitario,720,alta,TRA,DISEÑO,/diseno-de-marca/,landing,,,
diseñador de marca personal,720,alta,MIX,DISEÑO,/diseno-de-marca/,landing,profesionales independientes,,
diseñador de branding digital,720,alta,INF,DISEÑO,/diseno-de-marca/,blog,,,
diseñador de contenido visual,720,alta,INF,DISEÑO,/diseno-de-marca/,blog,,,
diseño gráfico minimalista,720,alta,INF,DISEÑO,/diseno-de-marca/,blog,,,
diseñador visual creativo,720,media,INF,DISEÑO,/diseno-de-marca/,blog,,,
diseño gráfico para productos físicos,720,alta,TRA,DISEÑO,/diseno-de-marca/,landing,,,
diseñador gráfico especializado,720,media,TRA,DISEÑO,/diseno-de-marca/,—,,empleo/freelancer,
diseñador freelance para branding,720,alta,INF,DISEÑO,/diseno-de-marca/,—,,empleo/freelancer,
diseñador gráfico digital,720,alta,TRA,DISEÑO,/diseno-de-marca/,landing,,,
diseño gráfico interactivo,720,alta,MIX,DISEÑO,/diseno-de-marca/,landing,,,
diseño de papelería empresarial,720,alta,MIX,DISEÑO,/diseno-de-marca/,landing,,,
diseñador gráfico para ecommerce,720,alta,MIX,DISEÑO,/diseno-de-marca/,landing,ecommerce,,
diseñador gráfico independiente,720,media,MIX,DISEÑO,/diseno-de-marca/,—,profesionales independientes,empleo/freelancer,
diseñador para marcas personales,720,alta,INF,DISEÑO,/diseno-de-marca/,blog,profesionales independientes,,
diseño de contenido gráfico,720,alta,INF,DISEÑO,/diseno-de-marca/,blog,,,
diseño para materiales impresos,720,alta,INF,DISEÑO,/diseno-de-marca/,blog,,,
diseño editorial profesional,720,alta,INF,DISEÑO,/diseno-de-marca/,blog,,,
agencia de branding,590,media,MIX,AGENCIA,/diseno-de-marca/,landing,,,
agencia de diseño de marca,590,media,INF,AGENCIA,/diseno-de-marca/,blog,,,
agencia de publicidad y diseño gráfico,590,media,MIX,AGENCIA,/diseno-de-marca/,landing,,,
marketing digital para marcas personales,590,alta,TRA,MARKETING,/diseno-de-marca/,blog,profesionales independientes,,
branding y diseño gráfico,590,media,INF,DISEÑO,/diseno-de-marca/,blog,,,
diseño de empaques,590,media,MIX,DISEÑO,/diseno-de-marca/,landing,,,
diseño de papelería corporativa,590,media,MIX,DISEÑO,/diseno-de-marca/,landing,,,
diseño de flyers para eventos,590,media,TRA,DISEÑO,/diseno-de-marca/,landing,,,
diseño de etiquetas para productos,590,media,TRA,DISEÑO,/diseno-de-marca/,landing,,,
diseño de folletos corporativos,590,media,MIX,DISEÑO,/diseno-de-marca/,landing,,,
diseño de flyers profesionales,590,alta,INF,DISEÑO,/diseno-de-marca/,blog,profesionales independientes,,
diseño gráfico para eventos,590,media,TRA,DISEÑO,/diseno-de-marca/,landing,,,
diseñador gráfico para negocios,590,media,TRA,DISEÑO,/diseno-de-marca/,landing,pymes,,
diseño de ilustraciones digitales,590,media,INF,DISEÑO,/diseno-de-marca/,blog,,,
diseño de artes para campañas,590,alta,TRA,DISEÑO,/diseno-de-marca/,landing,,,
diseño gráfico para restaurantes,590,alta,MIX,DISEÑO,/diseno-de-marca/,landing,restaurantes,,
diseño de piezas publicitarias,590,alta,MIX,DISEÑO,/diseno-de-marca/,landing,,,
diseño de posters creativos,590,media,MIX,DISEÑO,/diseno-de-marca/,landing,,,
diseñador gráfico integral,590,media,INF,DISEÑO,/diseno-de-marca/,—,,empleo/freelancer,
diseñador gráfico con experiencia,590,alta,INF,DISEÑO,/diseno-de-marca/,—,,empleo/freelancer,
diseñador visual para publicidad,590,alta,TRA,DISEÑO,/diseno-de-marca/,landing,,,
agencia de contenidos digitales para marcas,480,media,MIX,AGENCIA,/diseno-de-marca/,landing,,,
agencia de branding estratégico,480,media,INF,AGENCIA,/diseno-de-marca/,blog,,,
agencia de diseño de identidad corporativa,480,media,MIX,AGENCIA,/diseno-de-marca/,landing,,,
consultoría en branding,480,media,INF,MARKETING,/diseno-de-marca/,blog,,,
diseñador gráfico para pymes,480,media,MIX,DISEÑO,/diseno-de-marca/,landing,pymes,,
diseño gráfico para coaching,480,media,TRA,DISEÑO,/diseno-de-marca/,landing,profesionales independientes,,
agencia de branding emocional,390,media,TRA,AGENCIA,/diseno-de-marca/,landing,,,
diseñador gráfico freelance medellín,390,baja,TRA,DISEÑO,/diseno-de-marca/,—,,empleo/freelancer;otra ciudad,
diseñador editorial,390,media,INF,DISEÑO,/diseno-de-marca/,blog,,,
diseño de logotipos para médicos,390,media,TRA,DISEÑO,/diseno-de-marca/,landing,salud,,
diseño gráfico emocional,390,media,MIX,DISEÑO,/diseno-de-marca/,landing,,,
diseñador gráfico junior,320,media,MIX,DISEÑO,/diseno-de-marca/,—,,empleo/freelancer,
agencia de branding digital,260,media,TRA,AGENCIA,/diseno-de-marca/,landing,,,
agencia creativa para marcas personales,260,baja,MIX,AGENCIA,/diseno-de-marca/,landing,profesionales independientes,,
agencia de marketing digital,6600,alta,TRA,AGENCIA,/marketing-digital/,landing,,,
email marketing,4400,alta,TRA,MARKETING,/marketing-digital/,landing,,,
publicidad en internet,3600,alta,MIX,MARKETING,/marketing-digital/,landing,,,
campañas en google ads,2900,alta,TRA,MARKETING,/marketing-digital/,landing,,,
marketing de contenidos,2400,media,TRA,SEO,/marketing-digital/,landing,,,1600/2400
agencia digital,2400,alta,TRA,AGENCIA,/marketing-digital/,landing,,,
vender online,2400,media,TRA,MARKETING,/marketing-digital/,landing,,,
estrategias de marketing digital,2400,media,MIX,MARKETING,/marketing-digital/,blog,,,
servicios de marketing digital,2400,alta,TRA,MARKETING,/marketing-digital/,landing,,,
estrategias de contenido evergreen,2100,media,TRA,SEO,/marketing-digital/,blog,,,
agencia de publicidad medellín,1900,media,MIX,AGENCIA,/marketing-digital/,—,,otra ciudad,
vender por internet,1900,media,TRA,MARKETING,/marketing-digital/,landing,,,
estrategias de linkbaiting,1800,media,INF,SEO,/marketing-digital/,blog,,,
agencia de publicidad digital,1600,alta,MIX,AGENCIA,/marketing-digital/,landing,,,
agencia de marketing en colombia,1600,alta,INF,AGENCIA,/marketing-digital/,blog,,,
marketing digital para empresas,1600,alta,TRA,MARKETING,/marketing-digital/,blog,,,
marketing digital medellín,1600,alta,MIX,MARKETING,/marketing-digital/,—,,otra ciudad,
herramientas de marketing digital,1600,alta,INF,MARKETING,/marketing-digital/,blog,,,
página web para vender productos,1300,alta,TRA,WEB,/marketing-digital/,blog,,,
marketing digital para ecommerce,1300,alta,TRA,MARKETING,/marketing-digital/,blog,ecommerce,,
agencia de marketing en medellín,1000,media,INF,AGENCIA,/marketing-digital/,—,,otra ciudad,
agencia creativa,1000,media,INF,AGENCIA,/marketing-digital/,blog,,,
agencia de publicidad en colombia,1000,alta,TRA,AGENCIA,/marketing-digital/,landing,,,
agencia de marketing en google ads,1000,alta,TRA,AGENCIA,/marketing-digital/,landing,,,
campañas publicitarias,1000,media,TRA,MARKETING,/marketing-digital/,landing,,,
inbound marketing,1000,media,MIX,MARKETING,/marketing-digital/,landing,,,
estrategias de venta online,1000,media,MIX,MARKETING,/marketing-digital/,blog,,,
marketing para negocios pequeños,1000,baja,MIX,MARKETING,/marketing-digital/,blog,pymes,,
marketing digital para restaurantes,1000,alta,TRA,MARKETING,/marketing-digital/,blog,restaurantes,,
marketing para pequeñas empresas,1000,media,MIX,MARKETING,/marketing-digital/,blog,pymes,,
publicidad digital en google ads,1000,alta,TRA,MARKETING,/marketing-digital/,landing,,,
marketing por whatsapp,1000,alta,TRA,MARKETING,/marketing-digital/,landing,,,
marketing para tiendas online,1000,alta,MIX,MARKETING,/marketing-digital/,blog,ecommerce,,
estrategia de ventas online,1000,alta,TRA,MARKETING,/marketing-digital/,blog,,,
diseño de publicidad digital,1000,alta,TRA,DISEÑO,/marketing-digital/,landing,,,
agencia de marketing digital en bogotá,880,alta,INF,AGENCIA,/marketing-digital/,—,,otra ciudad,
agencia de estrategia digital,880,alta,TRA,AGENCIA,/marketing-digital/,landing,,,
agencia de comunicación corporativa,880,alta,MIX,AGENCIA,/marketing-digital/,landing,,,
agencia de marketing para empresas tecnológicas,880,media,INF,AGENCIA,/marketing-digital/,blog,startups y tecnología,,
agencia de publicidad para streaming,880,media,MIX,AGENCIA,/marketing-digital/,landing,,,
marketing para pymes,880,baja,MIX,MARKETING,/marketing-digital/,blog,pymes,,
consultoría de marketing digital,880,alta,INF,MARKETING,/marketing-digital/,blog,,,
estrategias de conversión,880,media,MIX,MARKETING,/marketing-digital/,blog,,,
servicios de marketing de contenidos,880,media,TRA,MARKETING,/marketing-digital/,landing,,,
automatización de marketing digital,880,media,TRA,MARKETING,/marketing-digital/,landing,,,
estrategia de contenido,880,alta,MIX,MARKETING,/marketing-digital/,blog,,,
marketing de contenidos en blogs,880,alta,INF,MARKETING,/marketing-digital/,blog,,,
estrategia digital para empresas,880,alta,TRA,MARKETING,/marketing-digital/,blog,,,
estrategia de marketing para ecommerce,880,alta,MIX,MARKETING,/marketing-digital/,blog,ecommerce,,
plan de marketing digital para emprendedores,880,alta,INF,MARKETING,/marketing-digital/,blog,pymes,,
campañas de tráfico pago,880,alta,TRA,MARKETING,/marketing-digital/,landing,,,
agencia de publicidad programática,880,alta,TRA,MARKETING,/marketing-digital/,landing,,,
agencia de diseño y publicidad,720,media,TRA,AGENCIA,/marketing-digital/,landing,,,
agencia de publicidad para negocios,720,media,TRA,AGENCIA,/marketing-digital/,landing,pymes,,
agencia de publicidad integral,720,media,TRA,AGENCIA,/marketing-digital/,landing,,,
agencia de publicidad exterior,720,media,INF,AGENCIA,/marketing-digital/,blog,,,
agencia de marketing b2b,720,media,INF,AGENCIA,/marketing-digital/,blog,,,
agencia de medios y comunicación,720,media,TRA,AGENCIA,/marketing-digital/,landing,,,
agencia de comunicación y diseño,720,media,INF,AGENCIA,/marketing-digital/,blog,,,
agencia de marketing para startups,720,alta,TRA,AGENCIA,/marketing-digital/,blog,startups y tecnología,,
agencia de marketing digital freelance,720,media,MIX,AGENCIA,/marketing-digital/,—,,empleo/freelancer,
agencia digital para pymes,720,media,TRA,AGENCIA,/marketing-digital/,landing,pymes,,
agencia de medios publicitarios,720,alta,INF,AGENCIA,/marketing-digital/,blog,,,
agencia de publicidad para videojuegos,720,media,INF,AGENCIA,/marketing-digital/,—,,fuera de oferta,
agencia de marketing para fintech,720,media,MIX,AGENCIA,/marketing-digital/,blog,startups y tecnología,,
agencia de marketing para energías renovables,720,media,MIX,AGENCIA,/marketing-digital/,blog,,,
automatización de marketing,720,media,TRA,MARKETING,/marketing-digital/,landing,,,
gestión de campañas digitales,720,media,TRA,MARKETING,/marketing-digital/,landing,,,
campañas de email marketing,720,alta,TRA,MARKETING,/marketing-digital/,landing,,,
publicidad digital para negocios,720,media,TRA,MARKETING,/marketing-digital/,landing,pymes,,
consultor en marketing digital,720,alta,MIX,MARKETING,/marketing-digital/,landing,,,
estrategias de captación de clientes,720,alta,TRA,MARKETING,/marketing-digital/,blog,,,
estrategia de lanzamiento de producto,720,alta,MIX,MARKETING,/marketing-digital/,blog,,,
email marketing automatizado,720,alta,TRA,MARKETING,/marketing-digital/,landing,,,
estrategias de fidelización de clientes,720,alta,INF,MARKETING,/marketing-digital/,blog,,,
servicios de marketing digital en colombia,720,alta,TRA,MARKETING,/marketing-digital/,landing,,,
estrategia de retargeting,720,alta,TRA,MARKETING,/marketing-digital/,blog,,,
marketing digital para coaches,720,alta,TRA,MARKETING,/marketing-digital/,blog,profesionales independientes,,
email marketing para ecommerce,720,alta,TRA,MARKETING,/marketing-digital/,landing,ecommerce,,
pauta digital con resultados,720,alta,TRA,MARKETING,/marketing-digital/,landing,,,
agencia de marketing para profesionales,720,alta,TRA,MARKETING,/marketing-digital/,blog,profesionales independientes,,
estrategia de crecimiento digital,720,alta,MIX,MARKETING,/marketing-digital/,blog,,,
marketing para productos digitales,720,alta,MIX,MARKETING,/marketing-digital/,blog,,,
estrategia de email marketing para negocios,720,alta,MIX,MARKETING,/marketing-digital/,blog,pymes,,
plan de marketing para pequeñas empresas,720,alta,MIX,MARKETING,/marketing-digital/,blog,pymes,,
agencia de contenido,590,media,MIX,AGENCIA,/marketing-digital/,landing,,,
agencia de marketing de contenidos,590,media,TRA,AGENCIA,/marketing-digital/,landing,,,
agencia de marketing corporativo,590,media,MIX,AGENCIA,/marketing-digital/,landing,,,
agencia de publicidad para ecommerce,590,alta,TRA,AGENCIA,/marketing-digital/,landing,ecommerce,,
agencia de publicidad política,590,media,INF,AGENCIA,/marketing-digital/,—,,fuera de oferta,
agencia de marketing para productos digitales,590,media,MIX,AGENCIA,/marketing-digital/,blog,,,
agencia creativa en bogotá,590,media,INF,AGENCIA,/marketing-digital/,—,,otra ciudad,
agencia de marketing para freelancers,590,media,INF,AGENCIA,/marketing-digital/,blog,profesionales independientes,,
agencia digital de performance,590,media,INF,AGENCIA,/marketing-digital/,blog,,,
agencia de estrategias digitales,590,media,INF,AGENCIA,/marketing-digital/,blog,,,
agencia de comunicación audiovisual,590,media,MIX,AGENCIA,/marketing-digital/,landing,,,
agencia de marketing para negocios locales,590,media,TRA,AGENCIA,/marketing-digital/,blog,pymes,,
agencia creativa para ecommerce,590,media,MIX,AGENCIA,/marketing-digital/,landing,ecommerce,,
agencia de marketing para startups tecnológicas,590,media,TRA,AGENCIA,/marketing-digital/,blog,startups y tecnología,,
agencia de publicidad para eventos,590,media,INF,AGENCIA,/marketing-digital/,blog,,,
agencia de marketing para franquicias,590,media,INF,AGENCIA,/marketing-digital/,blog,,,
agencia de marketing para salud y bienestar,590,media,MIX,AGENCIA,/marketing-digital/,blog,salud,,
crear sitio web de ventas,590,media,TRA,WEB,/marketing-digital/,landing,,,
consultor de marketing digital,590,alta,MIX,MARKETING,/marketing-digital/,landing,,,
agencia de leads,590,media,TRA,MARKETING,/marketing-digital/,landing,,,
consultoría en marketing,590,media,INF,MARKETING,/marketing-digital/,blog,,,
estrategia de marketing inbound,590,media,MIX,MARKETING,/marketing-digital/,blog,,,
embudo de ventas digital,590,alta,TRA,MARKETING,/marketing-digital/,landing,,,
estrategias de remarketing,590,media,TRA,MARKETING,/marketing-digital/,blog,,,
marketing digital para servicios,590,media,TRA,MARKETING,/marketing-digital/,blog,,,
funnels de conversión,590,alta,MIX,MARKETING,/marketing-digital/,landing,,,
inbound marketing para empresas,590,media,MIX,MARKETING,/marketing-digital/,landing,,,
pauta digital para pymes,590,media,TRA,MARKETING,/marketing-digital/,landing,pymes,,
consultoría de funnels de ventas,590,alta,INF,MARKETING,/marketing-digital/,blog,,,
estrategias digitales para eventos,590,media,MIX,MARKETING,/marketing-digital/,blog,,,
estrategia digital para productos físicos,590,alta,TRA,MARKETING,/marketing-digital/,blog,,,
consultoría de pauta digital,590,alta,INF,MARKETING,/marketing-digital/,blog,,,
estrategia de captación con ads,590,alta,TRA,MARKETING,/marketing-digital/,blog,,,
estrategia de automatización para ventas,590,alta,TRA,MARKETING,/marketing-digital/,blog,,,
consultoría de marketing para ecommerce,590,alta,MIX,MARKETING,/marketing-digital/,landing,ecommerce,,
campañas de marketing para eventos,500,media,TRA,MARKETING,/marketing-digital/,landing,,,
agencia de contenidos digitales,480,baja,INF,AGENCIA,/marketing-digital/,blog,,,
agencia de marketing político,480,media,TRA,AGENCIA,/marketing-digital/,—,,fuera de oferta,
agencia de contenido audiovisual,480,media,INF,AGENCIA,/marketing-digital/,blog,,,
agencia creativa digital bogotá,480,media,MIX,AGENCIA,/marketing-digital/,—,,otra ciudad,
agencia de marketing para turismo,480,media,TRA,AGENCIA,/marketing-digital/,blog,hoteles y turismo,,
agencia de growth marketing,480,media,TRA,MARKETING,/marketing-digital/,landing,,,
embudos de ventas digitales,480,media,TRA,MARKETING,/marketing-digital/,landing,,,
marketing para clínicas,480,media,MIX,MARKETING,/marketing-digital/,blog,salud,,
marketing digital para médicos,480,media,TRA,MARKETING,/marketing-digital/,blog,salud,,
consultoría de marketing online,480,media,INF,MARKETING,/marketing-digital/,blog,,,
plan de marketing para médicos,480,media,INF,MARKETING,/marketing-digital/,blog,salud,,
estrategia digital para psicólogos,480,media,TRA,MARKETING,/marketing-digital/,blog,salud,,
pauta digital para clínicas,480,media,TRA,MARKETING,/marketing-digital/,landing,salud,,
marketing digital para arquitectos,480,media,TRA,MARKETING,/marketing-digital/,blog,profesionales independientes,,
consultoría en marketing estratégico,480,alta,INF,MARKETING,/marketing-digital/,blog,,,
agencia de marketing para ecommerce,390,media,TRA,AGENCIA,/marketing-digital/,blog,ecommerce,,
agencia de comunicación digital creativa,390,media,MIX,AGENCIA,/marketing-digital/,landing,,,
agencia de marketing político digital,390,media,MIX,AGENCIA,/marketing-digital/,—,,fuera de oferta,
agencia de contenido digital en medellín,390,media,TRA,AGENCIA,/marketing-digital/,—,,otra ciudad,
agencia digital full service,390,alta,INF,AGENCIA,/marketing-digital/,blog,,,
agencia de contenidos para blogs,390,baja,MIX,AGENCIA,/marketing-digital/,landing,,,
agencia de comunicación política,390,media,TRA,AGENCIA,/marketing-digital/,—,,fuera de oferta,
agencia de marketing para educación,390,media,TRA,AGENCIA,/marketing-digital/,blog,educación,,
agencia de marketing de afiliados,390,media,MIX,AGENCIA,/marketing-digital/,landing,,,
agencia de contenidos audiovisuales,390,media,INF,AGENCIA,/marketing-digital/,blog,,,
diseño web para consultorías,390,media,TRA,WEB,/marketing-digital/,blog,,,
agencia de performance marketing,390,media,TRA,MARKETING,/marketing-digital/,landing,,,
agencia de remarketing,390,media,TRA,MARKETING,/marketing-digital/,landing,,,
marketing digital para psicólogos,390,media,TRA,MARKETING,/marketing-digital/,blog,salud,,
consultoría de inbound marketing,390,media,INF,MARKETING,/marketing-digital/,blog,,,
agencia de marketing integral,320,baja,MIX,AGENCIA,/marketing-digital/,landing,,,
agencia de pauta digital,320,media,MIX,AGENCIA,/marketing-digital/,landing,,,
agencia de marketing para odontólogos,320,baja,MIX,AGENCIA,/marketing-digital/,blog,salud,,
agencia creativa para pymes,320,media,INF,AGENCIA,/marketing-digital/,blog,pymes,,
agencia digital para artistas,320,baja,INF,AGENCIA,/marketing-digital/,blog,profesionales independientes,,
agencia de marketing para criptomonedas,320,media,MIX,AGENCIA,/marketing-digital/,—,,fuera de oferta,
automatización de campañas,320,media,TRA,MARKETING,/marketing-digital/,landing,,,
plan de marketing digital para startups,320,baja,TRA,MARKETING,/marketing-digital/,blog,startups y tecnología,,
pauta digital para lanzamiento de productos,320,baja,INF,MARKETING,/marketing-digital/,blog,,,
agencia de marketing para pymes,260,baja,TRA,AGENCIA,/marketing-digital/,blog,pymes,,
agencia digital creativa en medellín,260,media,TRA,AGENCIA,/marketing-digital/,—,,otra ciudad,
agencia de marketing multinivel,260,media,MIX,AGENCIA,/marketing-digital/,—,,fuera de oferta,
agencia de marketing integral bogotá,260,baja,INF,AGENCIA,/marketing-digital/,—,,otra ciudad,
agencia de contenido para ecommerce,260,baja,TRA,AGENCIA,/marketing-digital/,landing,ecommerce,,
agencia de contenidos para marketing b2b,260,media,MIX,AGENCIA,/marketing-digital/,landing,,,
agencia creativa medellín,210,baja,TRA,AGENCIA,/marketing-digital/,—,,otra ciudad,
agencia de email marketing,210,baja,TRA,AGENCIA,/marketing-digital/,landing,,,
agencia de redes sociales,2900,alta,MIX,AGENCIA,/redes-sociales/,landing,,,
marketing en redes sociales,2900,alta,MIX,MARKETING,/redes-sociales/,landing,,,
anuncios en instagram,2400,alta,TRA,MARKETING,/redes-sociales/,landing,,,
anuncios en redes sociales,1900,alta,TRA,MARKETING,/redes-sociales/,landing,,,
diseño gráfico para redes sociales,1900,alta,TRA,DISEÑO,/redes-sociales/,landing,,,1600/1900
diseño para redes sociales,1600,alta,TRA,DISEÑO,/redes-sociales/,landing,,,1000/1600
agencia de publicidad en redes sociales,1300,alta,MIX,AGENCIA,/redes-sociales/,landing,,,
publicidad pagada en redes sociales,1300,alta,MIX,MARKETING,/redes-sociales/,landing,,,
estrategias de marketing para redes sociales,1000,alta,MIX,MARKETING,/redes-sociales/,blog,,,
estrategia de social media,1000,alta,INF,MARKETING,/redes-sociales/,blog,,,
diseñador gráfico para redes sociales,1000,alta,TRA,DISEÑO,/redes-sociales/,landing,,,880/1000
agencia de influencers,880,media,INF,AGENCIA,/redes-sociales/,blog,,,
pauta en redes sociales,880,alta,TRA,MARKETING,/redes-sociales/,landing,,,
campañas de remarketing en facebook,880,alta,TRA,MARKETING,/redes-sociales/,landing,,,
diseño gráfico para instagram,880,alta,TRA,DISEÑO,/redes-sociales/,landing,,,
agencia de marketing en redes sociales,720,alta,INF,AGENCIA,/redes-sociales/,blog,,,
agencia de redes sociales para empresas,720,alta,MIX,AGENCIA,/redes-sociales/,landing,,,
estrategias de marketing en redes,720,alta,MIX,MARKETING,/redes-sociales/,blog,,,
publicidad en youtube para empresas,720,alta,MIX,MARKETING,/redes-sociales/,landing,,,
marketing de influencia en instagram,720,alta,TRA,MARKETING,/redes-sociales/,landing,,,
estrategia de social selling,720,alta,MIX,MARKETING,/redes-sociales/,blog,,,
estrategia digital con influencers,720,alta,MIX,MARKETING,/redes-sociales/,blog,,,
agencia de pauta en redes,590,media,MIX,AGENCIA,/redes-sociales/,landing,,,
agencia de marketing en facebook,590,media,TRA,MARKETING,/redes-sociales/,landing,,,
plan de marketing para redes sociales,590,alta,INF,MARKETING,/redes-sociales/,blog,,,
estrategia de contenido para instagram,590,alta,TRA,MARKETING,/redes-sociales/,blog,,,
contenido estratégico en redes sociales,590,alta,INF,MARKETING,/redes-sociales/,blog,,,
estrategia de contenidos para tiktok,590,alta,MIX,MARKETING,/redes-sociales/,blog,,,
publicidad en redes sociales para negocios,500,media,TRA,MARKETING,/redes-sociales/,landing,pymes,,
agencia de publicidad para redes,480,alta,MIX,AGENCIA,/redes-sociales/,landing,,,
agencia creativa para redes sociales,480,media,MIX,AGENCIA,/redes-sociales/,landing,,,
agencia de publicidad para influencers,480,alta,TRA,AGENCIA,/redes-sociales/,landing,,,
agencia digital especializada en redes sociales,480,alta,MIX,AGENCIA,/redes-sociales/,landing,,,
estrategias de marketing en tiktok,480,media,TRA,MARKETING,/redes-sociales/,blog,,,
agencia de marketing en youtube,390,media,TRA,AGENCIA,/redes-sociales/,landing,,,
agencia de contenidos para redes sociales,390,alta,MIX,AGENCIA,/redes-sociales/,landing,,,
agencia de influencers en medellín,320,media,TRA,AGENCIA,/redes-sociales/,—,,otra ciudad,
agencia de marketing para influencers,320,media,TRA,AGENCIA,/redes-sociales/,blog,,,
agencia de social media en medellín,260,media,MIX,AGENCIA,/redes-sociales/,—,,otra ciudad,
auditoría seo,5800,media,TRA,SEO,/seo-y-geo/,landing,,,
seo local,5400,alta,TRA,SEO,/seo-y-geo/,landing,,,
link building,4800,alta,TRA,SEO,/seo-y-geo/,landing,,,
optimización de motores de búsqueda,4400,alta,TRA,SEO,/seo-y-geo/,landing,,,
backlinks,3900,alta,MIX,SEO,/seo-y-geo/,landing,,,
seo técnico,3600,media,TRA,SEO,/seo-y-geo/,landing,,,
seo para shopify,3200,media,MIX,SEO,/seo-y-geo/,blog,ecommerce,,
análisis de tráfico web,3000,media,MIX,SEO,/seo-y-geo/,landing,,,
posicionamiento web,2900,media,TRA,SEO,/seo-y-geo/,landing,,,
optimización on-page,2700,media,MIX,SEO,/seo-y-geo/,landing,,,
seo en youtube,2600,media,MIX,SEO,/seo-y-geo/,landing,,,
seo para dropshipping,2600,media,MIX,SEO,/seo-y-geo/,blog,ecommerce,,
seo para afiliados,2500,media,TRA,SEO,/seo-y-geo/,blog,,,
optimización de velocidad de carga,2400,media,TRA,SEO,/seo-y-geo/,landing,,,
seo en yandex,2400,media,MIX,SEO,/seo-y-geo/,—,,fuera de oferta,
agencia seo,2400,alta,INF,AGENCIA,/seo-y-geo/,blog,,,
investigación de palabras clave,2300,media,TRA,SEO,/seo-y-geo/,landing,,,
seo para ecommerce,2200,alta,TRA,SEO,/seo-y-geo/,blog,ecommerce,,
seo para blogs,2200,media,MIX,SEO,/seo-y-geo/,blog,,,
seo para marketplaces,2200,media,INF,SEO,/seo-y-geo/,blog,ecommerce,,
seo móvil,2100,media,MIX,SEO,/seo-y-geo/,landing,,,
seo para empresas locales,2000,media,TRA,SEO,/seo-y-geo/,blog,,,
seo en google my business,2000,media,INF,SEO,/seo-y-geo/,blog,,,
indexación en google,1900,baja,INF,SEO,/seo-y-geo/,blog,,,
seo para sitios multiidioma,1900,media,TRA,SEO,/seo-y-geo/,blog,,,
seo en redes sociales,1800,media,TRA,SEO,/seo-y-geo/,landing,,,
seo multilingüe,1800,media,TRA,SEO,/seo-y-geo/,landing,,,
seo en pinterest,1800,media,INF,SEO,/seo-y-geo/,blog,,,
schema markup,1700,media,MIX,SEO,/seo-y-geo/,landing,,,
seo para video marketing,1700,media,TRA,SEO,/seo-y-geo/,blog,,,
seo internacional,1600,alta,INF,SEO,/seo-y-geo/,blog,,,
análisis de competencia,1600,media,INF,SEO,/seo-y-geo/,blog,,,
seo para noticias,1600,media,TRA,SEO,/seo-y-geo/,blog,,,
seo en bing,1600,media,TRA,SEO,/seo-y-geo/,—,,fuera de oferta,
optimización off-page,1500,media,INF,SEO,/seo-y-geo/,blog,,,
seo en yahoo,1500,media,TRA,SEO,/seo-y-geo/,—,,fuera de oferta,
seo para podcasts,1400,media,MIX,SEO,/seo-y-geo/,blog,,,
seo para wordpress,1300,media,INF,SEO,/seo-y-geo/,blog,,,
seo en google discover,1300,media,INF,SEO,/seo-y-geo/,blog,,,
herramientas de seo,1300,media,INF,SEO,/seo-y-geo/,blog,,,
agencia de posicionamiento seo,1300,alta,TRA,AGENCIA,/seo-y-geo/,landing,,,
agencia de posicionamiento en google,1300,alta,TRA,AGENCIA,/seo-y-geo/,landing,,,
palabras clave long tail,1200,media,INF,SEO,/seo-y-geo/,blog,,,
seo para agencias digitales,1200,media,TRA,SEO,/seo-y-geo/,blog,,,
optimización de snippets destacados,1100,media,TRA,SEO,/seo-y-geo/,landing,,,
autoridad de dominio,1000,media,TRA,SEO,/seo-y-geo/,landing,,,
seo para inmobiliarias,1000,alta,INF,SEO,/seo-y-geo/,blog,inmobiliarias,,
seo para marketplaces en amazon,1000,media,MIX,SEO,/seo-y-geo/,—,ecommerce,fuera de oferta,
seo para freelancers,900,media,INF,SEO,/seo-y-geo/,blog,profesionales independientes,,
seo para pymes,880,media,TRA,SEO,/seo-y-geo/,blog,pymes,,
seo para tiendas virtuales,880,media,TRA,SEO,/seo-y-geo/,blog,ecommerce,,
agencia de posicionamiento web,880,alta,TRA,AGENCIA,/seo-y-geo/,landing,,,
agencia de posicionamiento sem,880,alta,INF,AGENCIA,/seo-y-geo/,blog,,,
diseño de páginas web con seo,880,alta,INF,WEB,/seo-y-geo/,blog,,,
diseño web con posicionamiento seo,880,alta,MIX,WEB,/seo-y-geo/,landing,,,
seo para emprendedores,720,media,MIX,SEO,/seo-y-geo/,blog,pymes,,
seo para hoteles,720,media,TRA,SEO,/seo-y-geo/,blog,hoteles y turismo,,
seo para marketplaces en ebay,720,media,MIX,SEO,/seo-y-geo/,—,ecommerce,fuera de oferta,
agencia de diseño web y posicionamiento,720,alta,TRA,AGENCIA,/seo-y-geo/,landing,,,
agencia de posicionamiento en redes sociales,720,alta,TRA,AGENCIA,/seo-y-geo/,landing,,,
posicionamiento de marca digital,720,media,MIX,MARKETING,/seo-y-geo/,landing,,,
estrategia de posicionamiento digital,720,alta,MIX,MARKETING,/seo-y-geo/,blog,,,
seo para clínicas,590,media,INF,SEO,/seo-y-geo/,blog,salud,,
seo para startups,590,media,INF,SEO,/seo-y-geo/,blog,startups y tecnología,,
seo para ecommerce de ropa,590,alta,TRA,SEO,/seo-y-geo/,blog,ecommerce,,
seo para landing pages,590,media,TRA,SEO,/seo-y-geo/,blog,,,
seo para clínicas dentales,590,media,INF,SEO,/seo-y-geo/,blog,salud,,
agencia de posicionamiento orgánico,590,media,MIX,AGENCIA,/seo-y-geo/,landing,,,
agencia de posicionamiento web en medellín,590,alta,TRA,AGENCIA,/seo-y-geo/,—,,otra ciudad,
agencia de posicionamiento en marketplaces,590,media,MIX,AGENCIA,/seo-y-geo/,landing,ecommerce,,
consultoría de posicionamiento digital,590,alta,INF,MARKETING,/seo-y-geo/,blog,,,
seo para restaurantes,480,media,INF,SEO,/seo-y-geo/,blog,restaurantes,,
seo para abogados,480,media,INF,SEO,/seo-y-geo/,blog,abogados,,
seo para ecommerce de tecnología,480,media,TRA,SEO,/seo-y-geo/,blog,ecommerce,,
seo para agencias de viajes,480,media,TRA,SEO,/seo-y-geo/,blog,hoteles y turismo,,
seo para blogs corporativos,480,alta,INF,SEO,/seo-y-geo/,blog,,,
seo para bufetes de abogados,480,media,INF,SEO,/seo-y-geo/,blog,abogados,,
seo para escuelas de idiomas,480,media,INF,SEO,/seo-y-geo/,blog,educación,,
seo para consultorías empresariales,480,alta,INF,SEO,/seo-y-geo/,blog,,,
seo para criptomonedas,480,media,INF,SEO,/seo-y-geo/,—,,fuera de oferta,
seo para empresas tecnológicas,390,media,INF,SEO,/seo-y-geo/,blog,startups y tecnología,,
seo para médicos,390,media,INF,SEO,/seo-y-geo/,blog,salud,,
seo para ecommerce de salud,390,media,TRA,SEO,/seo-y-geo/,blog,salud,,
seo para portales inmobiliarios,390,media,INF,SEO,/seo-y-geo/,blog,inmobiliarias,,
seo para productos digitales,390,baja,INF,SEO,/seo-y-geo/,blog,,,
seo para medios digitales,390,media,INF,SEO,/seo-y-geo/,blog,,,
seo para servicios legales,390,media,INF,SEO,/seo-y-geo/,blog,abogados,,
seo para gimnasios,390,media,INF,SEO,/seo-y-geo/,blog,salud,,
seo para gestión de proyectos,390,media,TRA,SEO,/seo-y-geo/,blog,,,
seo para inteligencia artificial,390,media,INF,SEO,/seo-y-geo/,blog,,,
seo para fintech,390,media,INF,SEO,/seo-y-geo/,blog,startups y tecnología,,
seo para reservas online,350,media,INF,SEO,/seo-y-geo/,blog,hoteles y turismo,,
seo para empresas industriales,320,baja,INF,SEO,/seo-y-geo/,blog,,,
seo para educación,320,media,INF,SEO,/seo-y-geo/,blog,educación,,
seo para ecommerce de alimentos,320,baja,TRA,SEO,/seo-y-geo/,blog,restaurantes,,
seo para transporte y logística,320,media,TRA,SEO,/seo-y-geo/,blog,,,
seo para streaming,320,media,INF,SEO,/seo-y-geo/,blog,,,
seo para servicios de delivery,320,media,INF,SEO,/seo-y-geo/,blog,restaurantes,,
seo para servicios de estética,320,alta,TRA,SEO,/seo-y-geo/,blog,salud,,
seo para centros deportivos,320,media,INF,SEO,/seo-y-geo/,blog,salud,,
seo para recursos humanos,320,media,INF,SEO,/seo-y-geo/,blog,educación,,
seo para blockchain,320,media,INF,SEO,/seo-y-geo/,—,,fuera de oferta,
seo para franquicias,320,media,INF,SEO,/seo-y-geo/,blog,,,
seo para empresas de servicios,260,media,INF,SEO,/seo-y-geo/,blog,,,
seo para portales de empleo,260,media,INF,SEO,/seo-y-geo/,blog,,,
seo para catálogos en línea,260,alta,INF,SEO,/seo-y-geo/,blog,,,
seo para periódicos online,260,media,INF,SEO,/seo-y-geo/,blog,,,
seo para servicios de mantenimiento,260,media,INF,SEO,/seo-y-geo/,blog,,,
seo para spas,260,media,INF,SEO,/seo-y-geo/,blog,,,
seo para eventos y convenciones,260,media,INF,SEO,/seo-y-geo/,blog,,,
seo para inmobiliarias internacionales,260,media,INF,SEO,/seo-y-geo/,blog,inmobiliarias,,
seo para contadores,210,media,INF,SEO,/seo-y-geo/,blog,profesionales independientes,,
seo para portfolios digitales,210,media,INF,SEO,/seo-y-geo/,blog,,,
seo para servicios en la nube,210,media,INF,SEO,/seo-y-geo/,blog,,,
seo para revistas digitales,210,media,TRA,SEO,/seo-y-geo/,blog,,,
seo para academias de baile,210,media,INF,SEO,/seo-y-geo/,blog,educación,,
seo para productos sostenibles,55,baja,INF,SEO,/seo-y-geo/,blog,,,
seo para proyectos ecológicos,2,alta,TRA,SEO,/seo-y-geo/,blog,,,
programador freelance,2900,media,TRA,DEV,(revisar),—,,empleo/freelancer,
sitemap.xml,2100,media,INF,SEO,(revisar),—,,fuera de oferta,
optimización de conversión,1700,media,MIX,SEO,(revisar),landing,,,
programador full stack,1600,alta,TRA,DEV,(revisar),—,,empleo/freelancer,
programación en javascript,1600,media,INF,DEV,(revisar),—,,fuera de oferta,
meta tags,1400,media,TRA,SEO,(revisar),—,,fuera de oferta,
optimización de imágenes,1400,media,TRA,SEO,(revisar),landing,,,
diseño ux ui,1300,alta,INF,DISEÑO,(revisar),blog,,,
desarrollo de soluciones digitales,1000,alta,MIX,DEV,(revisar),landing,,,480/720/1000
desarrollo full stack,1000,media,MIX,DEV,(revisar),landing,,,
programación en react,1000,alta,INF,DEV,(revisar),—,,fuera de oferta,
desarrollo frontend,880,media,MIX,DEV,(revisar),landing,,,
programación a medida,880,media,TRA,DEV,(revisar),landing,,,
desarrollo de frontend,880,media,MIX,DEV,(revisar),landing,,,
desarrollo de inteligencia artificial,880,alta,INF,DEV,(revisar),blog,,,
programación con base de datos,880,alta,MIX,DEV,(revisar),landing,,,
diseño de interfaz visual,720,alta,TRA,DISEÑO,(revisar),landing,,,
programador full stack remoto,720,alta,INF,DISEÑO,(revisar),—,,empleo/freelancer,
programador freelance para empresas,720,alta,TRA,DEV,(revisar),—,,empleo/freelancer,300/500/720
programador para videojuegos,720,media,TRA,DISEÑO,(revisar),—,,empleo/freelancer;fuera de oferta,
desarrollo de inteligencia artificial para negocios,720,alta,TRA,DISEÑO,(revisar),landing,pymes,,
backend developer,720,media,MIX,DEV,(revisar),—,,empleo/freelancer,
desarrollo backend,720,media,MIX,DEV,(revisar),landing,,,
programación frontend,720,media,MIX,DEV,(revisar),landing,,,
desarrollo de backend,720,media,MIX,DEV,(revisar),landing,,,
programador backend,720,media,TRA,DEV,(revisar),—,,empleo/freelancer,
desarrollador frontend freelance,720,alta,TRA,DEV,(revisar),—,,empleo/freelancer,
diseño de juegos interactivos,590,media,TRA,DISEÑO,(revisar),landing,,,
desarrollador full stack freelance,590,media,TRA,DEV,(revisar),—,,empleo/freelancer,
programador freelance en python,590,alta,TRA,DEV,(revisar),—,,empleo/freelancer,
desarrollo con frameworks modernos,590,alta,INF,DEV,(revisar),blog,,,
diseño de experiencias interactivas,500,media,TRA,DISEÑO,(revisar),landing,,,
agencia de diseño estratégico,480,media,MIX,AGENCIA,(revisar),landing,,,
agencia de diseño ux/ui,480,media,TRA,AGENCIA,(revisar),landing,,,
diseño de tarjetas digitales,480,media,TRA,DISEÑO,(revisar),landing,,,
diseño de portales de comercio electrónico,480,media,INF,DISEÑO,(revisar),blog,,,
desarrollo con inteligencia artificial,480,baja,INF,DEV,(revisar),blog,,,
agencia de diseño digital,390,media,MIX,AGENCIA,(revisar),landing,,,
agencia de marke abogado,390,media,MIX,AGENCIA,(revisar),landing,abogados,,
diseño de portales educativos,320,baja,INF,WEB,(revisar),blog,educación,,
programador backend para startups,300,baja,INF,DISEÑO,(revisar),—,startups y tecnología,empleo/freelancer,
desarrollo de software,4400,alta,MIX,DEV,/desarrollo-de-apps/ (o /software-a-la-medida/ en fase 2),landing,,,
software inventario,2900,alta,MIX,DEV,/desarrollo-de-apps/ (o /software-a-la-medida/ en fase 2),—,,fuera de oferta,
robots.txt,2000,media,TRA,SEO,/desarrollo-de-apps/ (o /software-a-la-medida/ en fase 2),—,,fuera de oferta,
empresa de desarrollo de software,1600,alta,TRA,DEV,/desarrollo-de-apps/ (o /software-a-la-medida/ en fase 2),landing,,,
desarrollador de software freelance,1300,alta,TRA,DEV,/desarrollo-de-apps/ (o /software-a-la-medida/ en fase 2),—,,empleo/freelancer,300/1300
desarrollo de software a medida,1300,alta,TRA,DEV,/desarrollo-de-apps/ (o /software-a-la-medida/ en fase 2),landing,,,
empresa de desarrollo de software web,1300,alta,TRA,DEV,/desarrollo-de-apps/ (o /software-a-la-medida/ en fase 2),landing,,,
desarrollo de software empresarial,1000,alta,TRA,DEV,/desarrollo-de-apps/ (o /software-a-la-medida/ en fase 2),landing,,,720/1000
desarrollo de plataformas online,880,alta,MIX,DEV,/desarrollo-de-apps/ (o /software-a-la-medida/ en fase 2),landing,,,300/720/880
software a la medida,880,media,TRA,DEV,/desarrollo-de-apps/ (o /software-a-la-medida/ en fase 2),landing,,,
desarrollo de sistemas a medida,880,media,TRA,DEV,/desarrollo-de-apps/ (o /software-a-la-medida/ en fase 2),landing,,,
desarrollo de sistemas de ventas,880,alta,MIX,DEV,/desarrollo-de-apps/ (o /software-a-la-medida/ en fase 2),landing,,,
programación de plataformas web,880,media,MIX,DEV,/desarrollo-de-apps/ (o /software-a-la-medida/ en fase 2),landing,,,720/880
desarrollo de apis rest,880,alta,INF,DEV,/desarrollo-de-apps/ (o /software-a-la-medida/ en fase 2),blog,,,
desarrollo de sistemas de reservas,880,media,MIX,DEV,/desarrollo-de-apps/ (o /software-a-la-medida/ en fase 2),landing,hoteles y turismo,,
desarrollo de software en la nube,880,alta,MIX,DEV,/desarrollo-de-apps/ (o /software-a-la-medida/ en fase 2),landing,,,
desarrollo de software para marketing digital,720,alta,TRA,DISEÑO,/desarrollo-de-apps/ (o /software-a-la-medida/ en fase 2),landing,,,
desarrollo de sistemas de pago online,720,media,TRA,DEV,/desarrollo-de-apps/ (o /software-a-la-medida/ en fase 2),landing,,,590/720
desarrollo de plataformas web,720,media,MIX,DEV,/desarrollo-de-apps/ (o /software-a-la-medida/ en fase 2),landing,,,
desarrollo de api,720,media,INF,DEV,/desarrollo-de-apps/ (o /software-a-la-medida/ en fase 2),blog,,,
desarrollo de erp a medida,720,alta,TRA,DEV,/desarrollo-de-apps/ (o /software-a-la-medida/ en fase 2),landing,,,
desarrollo de dashboard,720,alta,TRA,DEV,/desarrollo-de-apps/ (o /software-a-la-medida/ en fase 2),landing,,,480/720
desarrollo de sistemas administrativos,720,media,MIX,DEV,/desarrollo-de-apps/ (o /software-a-la-medida/ en fase 2),landing,,,
desarrollo de portales de usuario,720,media,MIX,DEV,/desarrollo-de-apps/ (o /software-a-la-medida/ en fase 2),landing,,,
desarrollo de sistemas contables,720,media,INF,DEV,/desarrollo-de-apps/ (o /software-a-la-medida/ en fase 2),blog,,,
desarrollo de integraciones api,720,alta,INF,DEV,/desarrollo-de-apps/ (o /software-a-la-medida/ en fase 2),blog,,,
desarrollo de sistemas educativos,720,alta,INF,DEV,/desarrollo-de-apps/ (o /software-a-la-medida/ en fase 2),blog,educación,,
desarrollo de software para marketing,720,media,TRA,DEV,/desarrollo-de-apps/ (o /software-a-la-medida/ en fase 2),landing,,,
seo para plataformas de educación online,590,media,INF,SEO,/desarrollo-de-apps/ (o /software-a-la-medida/ en fase 2),blog,educación,,
seo para desarrolladores de software,590,media,INF,SEO,/desarrollo-de-apps/ (o /software-a-la-medida/ en fase 2),blog,,,
desarrollo de software para clínicas,590,media,MIX,DEV,/desarrollo-de-apps/ (o /software-a-la-medida/ en fase 2),landing,salud,,480/500/590
diseño de sistemas de gestión empresarial,590,media,TRA,DISEÑO,/desarrollo-de-apps/ (o /software-a-la-medida/ en fase 2),landing,,,
desarrollo de plataformas,590,media,MIX,DEV,/desarrollo-de-apps/ (o /software-a-la-medida/ en fase 2),landing,,,
sistemas de gestión empresarial,590,media,TRA,DEV,/desarrollo-de-apps/ (o /software-a-la-medida/ en fase 2),landing,,,
crear un sistema de reservas,590,baja,TRA,DEV,/desarrollo-de-apps/ (o /software-a-la-medida/ en fase 2),landing,hoteles y turismo,,
desarrollo de crm personalizado,590,media,TRA,DEV,/desarrollo-de-apps/ (o /software-a-la-medida/ en fase 2),landing,,,
desarrollo de bots personalizados,590,alta,TRA,DEV,/desarrollo-de-apps/ (o /software-a-la-medida/ en fase 2),landing,,,
desarrollo de microservicios,590,alta,TRA,DEV,/desarrollo-de-apps/ (o /software-a-la-medida/ en fase 2),landing,,,
programación de paneles de control,590,alta,MIX,DEV,/desarrollo-de-apps/ (o /software-a-la-medida/ en fase 2),landing,,,
diseño de software empresarial,480,media,INF,DISEÑO,/desarrollo-de-apps/ (o /software-a-la-medida/ en fase 2),blog,,,
desarrollo de crm,480,media,MIX,DEV,/desarrollo-de-apps/ (o /software-a-la-medida/ en fase 2),landing,,,
desarrollo de intranet,480,media,MIX,DEV,/desarrollo-de-apps/ (o /software-a-la-medida/ en fase 2),landing,,,
diseño de sistemas educativos,320,media,TRA,DISEÑO,/desarrollo-de-apps/ (o /software-a-la-medida/ en fase 2),landing,educación,,
plataforma web personalizada,144,baja,TRA,WEB,/desarrollo-de-apps/ (o /software-a-la-medida/ en fase 2),landing,,,
